x,y,zx,zy,zxy,ncd
"boundary.c","conv_3x3.c",51,73,79,0.383561643835616
"boundary.c","corr_3x3.c",51,55,68,0.309090909090909
"boundary.c","corr_gen.c",51,54,64,0.240740740740741
"boundary.c","dilate_bin.c",51,73,83,0.438356164383562
"boundary.c","erode_bin.c",51,74,84,0.445945945945946
"boundary.c","errdif_bin.c",51,64,73,0.343750000000000
"boundary.c","fdct_8x8.c",51,128,137,0.671875000000000
"boundary.c","histogram.c",51,69,76,0.362318840579710
"boundary.c","idct_8x8_0.c",51,104,115,0.615384615384615
"boundary.c","mad_16x16.c",51,67,75,0.358208955223881
"boundary.c","mad_8x8.c",51,67,75,0.358208955223881
"boundary.c","median_3x3.c",51,71,82,0.436619718309859
"boundary.c","mpeg2_vld0.c",51,165,184,0.806060606060606
"boundary.c","mpeg2_vld1.c",51,187,202,0.807486631016043
"boundary.c","perimeter.c",51,66,75,0.363636363636364
"boundary.c","pix_expand.c",51,45,54,0.176470588235294
"boundary.c","pix_sat.c",51,48,56,0.156862745098039
"boundary.c","quantize.c",51,64,73,0.343750000000000
"boundary.c","sad_16x16.c",51,53,66,0.283018867924528
"boundary.c","sad_8x8.c",51,53,66,0.283018867924528
"boundary.c","sobel.c",51,65,73,0.338461538461538
"boundary.c","thr_gt2max.c",51,48,57,0.176470588235294
"boundary.c","thr_gt2thr.c",51,48,57,0.176470588235294
"boundary.c","thr_le2min.c",51,48,58,0.196078431372549
"boundary.c","thr_le2thr.c",51,48,57,0.176470588235294
"boundary.c","wave_horz.c",51,63,72,0.333333333333333
"boundary.c","wave_vert.c",51,63,69,0.285714285714286
"boundary.c","yc_demux_0.c",51,52,61,0.192307692307692
"boundary.c","yc_demux_1.c",51,52,61,0.192307692307692
"boundary.c","ycbcr422p_.c",51,83,94,0.518072289156627
"conv_3x3.c","corr_3x3.c",73,55,79,0.328767123287671
"conv_3x3.c","corr_gen.c",73,54,80,0.356164383561644
"conv_3x3.c","dilate_bin.c",73,73,95,0.301369863013699
"conv_3x3.c","erode_bin.c",73,74,96,0.310810810810811
"conv_3x3.c","errdif_bin.c",73,64,91,0.369863013698630
"conv_3x3.c","fdct_8x8.c",73,128,150,0.601562500000000
"conv_3x3.c","histogram.c",73,69,92,0.315068493150685
"conv_3x3.c","idct_8x8_0.c",73,104,131,0.557692307692308
"conv_3x3.c","mad_16x16.c",73,67,91,0.328767123287671
"conv_3x3.c","mad_8x8.c",73,67,91,0.328767123287671
"conv_3x3.c","median_3x3.c",73,71,96,0.342465753424658
"conv_3x3.c","mpeg2_vld0.c",73,165,194,0.733333333333333
"conv_3x3.c","mpeg2_vld1.c",73,187,216,0.764705882352941
"conv_3x3.c","perimeter.c",73,66,89,0.315068493150685
"conv_3x3.c","pix_expand.c",73,45,73,0.383561643835616
"conv_3x3.c","pix_sat.c",73,48,77,0.397260273972603
"conv_3x3.c","quantize.c",73,64,87,0.315068493150685
"conv_3x3.c","sad_16x16.c",73,53,78,0.342465753424658
"conv_3x3.c","sad_8x8.c",73,53,78,0.342465753424658
"conv_3x3.c","sobel.c",73,65,89,0.328767123287671
"conv_3x3.c","thr_gt2max.c",73,48,76,0.383561643835616
"conv_3x3.c","thr_gt2thr.c",73,48,76,0.383561643835616
"conv_3x3.c","thr_le2min.c",73,48,76,0.383561643835616
"conv_3x3.c","thr_le2thr.c",73,48,76,0.383561643835616
"conv_3x3.c","wave_horz.c",73,63,86,0.315068493150685
"conv_3x3.c","wave_vert.c",73,63,80,0.232876712328767
"conv_3x3.c","yc_demux_0.c",73,52,76,0.328767123287671
"conv_3x3.c","yc_demux_1.c",73,52,76,0.328767123287671
"conv_3x3.c","ycbcr422p_.c",73,83,107,0.409638554216867
"corr_3x3.c","corr_gen.c",55,54,65,0.200000000000000
"corr_3x3.c","dilate_bin.c",55,73,85,0.410958904109589
"corr_3x3.c","erode_bin.c",55,74,84,0.391891891891892
"corr_3x3.c","errdif_bin.c",55,64,75,0.312500000000000
"corr_3x3.c","fdct_8x8.c",55,128,137,0.640625000000000
"corr_3x3.c","histogram.c",55,69,78,0.333333333333333
"corr_3x3.c","idct_8x8_0.c",55,104,116,0.586538461538462
"corr_3x3.c","mad_16x16.c",55,67,75,0.298507462686567
"corr_3x3.c","mad_8x8.c",55,67,75,0.298507462686567
"corr_3x3.c","median_3x3.c",55,71,83,0.394366197183099
"corr_3x3.c","mpeg2_vld0.c",55,165,182,0.769696969696970
"corr_3x3.c","mpeg2_vld1.c",55,187,198,0.764705882352941
"corr_3x3.c","perimeter.c",55,66,77,0.333333333333333
"corr_3x3.c","pix_expand.c",55,45,57,0.218181818181818
"corr_3x3.c","pix_sat.c",55,48,60,0.218181818181818
"corr_3x3.c","quantize.c",55,64,74,0.296875000000000
"corr_3x3.c","sad_16x16.c",55,53,66,0.236363636363636
"corr_3x3.c","sad_8x8.c",55,53,66,0.236363636363636
"corr_3x3.c","sobel.c",55,65,76,0.323076923076923
"corr_3x3.c","thr_gt2max.c",55,48,60,0.218181818181818
"corr_3x3.c","thr_gt2thr.c",55,48,59,0.200000000000000
"corr_3x3.c","thr_le2min.c",55,48,61,0.236363636363636
"corr_3x3.c","thr_le2thr.c",55,48,59,0.200000000000000
"corr_3x3.c","wave_horz.c",55,63,70,0.238095238095238
"corr_3x3.c","wave_vert.c",55,63,68,0.206349206349206
"corr_3x3.c","yc_demux_0.c",55,52,64,0.218181818181818
"corr_3x3.c","yc_demux_1.c",55,52,64,0.218181818181818
"corr_3x3.c","ycbcr422p_.c",55,83,95,0.481927710843373
"corr_gen.c","dilate_bin.c",54,73,82,0.383561643835616
"corr_gen.c","erode_bin.c",54,74,83,0.391891891891892
"corr_gen.c","errdif_bin.c",54,64,75,0.328125000000000
"corr_gen.c","fdct_8x8.c",54,128,137,0.648437500000000
"corr_gen.c","histogram.c",54,69,75,0.304347826086957
"corr_gen.c","idct_8x8_0.c",54,104,112,0.557692307692308
"corr_gen.c","mad_16x16.c",54,67,72,0.268656716417910
"corr_gen.c","mad_8x8.c",54,67,72,0.268656716417910
"corr_gen.c","median_3x3.c",54,71,83,0.408450704225352
"corr_gen.c","mpeg2_vld0.c",54,165,178,0.751515151515151
"corr_gen.c","mpeg2_vld1.c",54,187,198,0.770053475935829
"corr_gen.c","perimeter.c",54,66,73,0.287878787878788
"corr_gen.c","pix_expand.c",54,45,58,0.240740740740741
"corr_gen.c","pix_sat.c",54,48,60,0.222222222222222
"corr_gen.c","quantize.c",54,64,72,0.281250000000000
"corr_gen.c","sad_16x16.c",54,53,64,0.203703703703704
"corr_gen.c","sad_8x8.c",54,53,64,0.203703703703704
"corr_gen.c","sobel.c",54,65,76,0.338461538461538
"corr_gen.c","thr_gt2max.c",54,48,60,0.222222222222222
"corr_gen.c","thr_gt2thr.c",54,48,61,0.240740740740741
"corr_gen.c","thr_le2min.c",54,48,61,0.240740740740741
"corr_gen.c","thr_le2thr.c",54,48,61,0.240740740740741
"corr_gen.c","wave_horz.c",54,63,68,0.222222222222222
"corr_gen.c","wave_vert.c",54,63,67,0.206349206349206
"corr_gen.c","yc_demux_0.c",54,52,61,0.166666666666667
"corr_gen.c","yc_demux_1.c",54,52,61,0.166666666666667
"corr_gen.c","ycbcr422p_.c",54,83,91,0.445783132530120
"dilate_bin.c","erode_bin.c",73,74,82,0.121621621621622
"dilate_bin.c","errdif_bin.c",73,64,92,0.383561643835616
"dilate_bin.c","fdct_8x8.c",73,128,154,0.632812500000000
"dilate_bin.c","histogram.c",73,69,97,0.383561643835616
"dilate_bin.c","idct_8x8_0.c",73,104,132,0.567307692307692
"dilate_bin.c","mad_16x16.c",73,67,93,0.356164383561644
"dilate_bin.c","mad_8x8.c",73,67,93,0.356164383561644
"dilate_bin.c","median_3x3.c",73,71,98,0.369863013698630
"dilate_bin.c","mpeg2_vld0.c",73,165,197,0.751515151515151
"dilate_bin.c","mpeg2_vld1.c",73,187,217,0.770053475935829
"dilate_bin.c","perimeter.c",73,66,94,0.383561643835616
"dilate_bin.c","pix_expand.c",73,45,76,0.424657534246575
"dilate_bin.c","pix_sat.c",73,48,80,0.438356164383562
"dilate_bin.c","quantize.c",73,64,92,0.383561643835616
"dilate_bin.c","sad_16x16.c",73,53,85,0.438356164383562
"dilate_bin.c","sad_8x8.c",73,53,85,0.438356164383562
"dilate_bin.c","sobel.c",73,65,92,0.369863013698630
"dilate_bin.c","thr_gt2max.c",73,48,78,0.410958904109589
"dilate_bin.c","thr_gt2thr.c",73,48,78,0.410958904109589
"dilate_bin.c","thr_le2min.c",73,48,79,0.424657534246575
"dilate_bin.c","thr_le2thr.c",73,48,78,0.410958904109589
"dilate_bin.c","wave_horz.c",73,63,88,0.342465753424658
"dilate_bin.c","wave_vert.c",73,63,87,0.328767123287671
"dilate_bin.c","yc_demux_0.c",73,52,80,0.383561643835616
"dilate_bin.c","yc_demux_1.c",73,52,80,0.383561643835616
"dilate_bin.c","ycbcr422p_.c",73,83,111,0.457831325301205
"erode_bin.c","errdif_bin.c",74,64,93,0.391891891891892
"erode_bin.c","fdct_8x8.c",74,128,156,0.640625000000000
"erode_bin.c","histogram.c",74,69,98,0.391891891891892
"erode_bin.c","idct_8x8_0.c",74,104,132,0.557692307692308
"erode_bin.c","mad_16x16.c",74,67,94,0.364864864864865
"erode_bin.c","mad_8x8.c",74,67,94,0.364864864864865
"erode_bin.c","median_3x3.c",74,71,99,0.378378378378378
"erode_bin.c","mpeg2_vld0.c",74,165,196,0.739393939393939
"erode_bin.c","mpeg2_vld1.c",74,187,214,0.748663101604278
"erode_bin.c","perimeter.c",74,66,92,0.351351351351351
"erode_bin.c","pix_expand.c",74,45,76,0.418918918918919
"erode_bin.c","pix_sat.c",74,48,80,0.432432432432432
"erode_bin.c","quantize.c",74,64,90,0.351351351351351
"erode_bin.c","sad_16x16.c",74,53,84,0.418918918918919
"erode_bin.c","sad_8x8.c",74,53,84,0.418918918918919
"erode_bin.c","sobel.c",74,65,93,0.378378378378378
"erode_bin.c","thr_gt2max.c",74,48,78,0.405405405405405
"erode_bin.c","thr_gt2thr.c",74,48,78,0.405405405405405
"erode_bin.c","thr_le2min.c",74,48,79,0.418918918918919
"erode_bin.c","thr_le2thr.c",74,48,78,0.405405405405405
"erode_bin.c","wave_horz.c",74,63,87,0.324324324324324
"erode_bin.c","wave_vert.c",74,63,87,0.324324324324324
"erode_bin.c","yc_demux_0.c",74,52,80,0.378378378378378
"erode_bin.c","yc_demux_1.c",74,52,80,0.378378378378378
"erode_bin.c","ycbcr422p_.c",74,83,108,0.409638554216867
"errdif_bin.c","fdct_8x8.c",64,128,146,0.640625000000000
"errdif_bin.c","histogram.c",64,69,90,0.376811594202899
"errdif_bin.c","idct_8x8_0.c",64,104,126,0.596153846153846
"errdif_bin.c","mad_16x16.c",64,67,85,0.313432835820896
"errdif_bin.c","mad_8x8.c",64,67,85,0.313432835820896
"errdif_bin.c","median_3x3.c",64,71,90,0.366197183098592
"errdif_bin.c","mpeg2_vld0.c",64,165,190,0.763636363636364
"errdif_bin.c","mpeg2_vld1.c",64,187,208,0.770053475935829
"errdif_bin.c","perimeter.c",64,66,86,0.333333333333333
"errdif_bin.c","pix_expand.c",64,45,66,0.328125000000000
"errdif_bin.c","pix_sat.c",64,48,68,0.312500000000000
"errdif_bin.c","quantize.c",64,64,83,0.296875000000000
"errdif_bin.c","sad_16x16.c",64,53,78,0.390625000000000
"errdif_bin.c","sad_8x8.c",64,53,78,0.390625000000000
"errdif_bin.c","sobel.c",64,65,86,0.338461538461538
"errdif_bin.c","thr_gt2max.c",64,48,68,0.312500000000000
"errdif_bin.c","thr_gt2thr.c",64,48,68,0.312500000000000
"errdif_bin.c","thr_le2min.c",64,48,69,0.328125000000000
"errdif_bin.c","thr_le2thr.c",64,48,68,0.312500000000000
"errdif_bin.c","wave_horz.c",64,63,83,0.312500000000000
"errdif_bin.c","wave_vert.c",64,63,80,0.265625000000000
"errdif_bin.c","yc_demux_0.c",64,52,73,0.328125000000000
"errdif_bin.c","yc_demux_1.c",64,52,73,0.328125000000000
"errdif_bin.c","ycbcr422p_.c",64,83,106,0.506024096385542
"fdct_8x8.c","histogram.c",128,69,149,0.625000000000000
"fdct_8x8.c","idct_8x8_0.c",128,104,174,0.546875000000000
"fdct_8x8.c","mad_16x16.c",128,67,144,0.601562500000000
"fdct_8x8.c","mad_8x8.c",128,67,144,0.601562500000000
"fdct_8x8.c","median_3x3.c",128,71,149,0.609375000000000
"fdct_8x8.c","mpeg2_vld0.c",128,165,246,0.715151515151515
"fdct_8x8.c","mpeg2_vld1.c",128,187,265,0.732620320855615
"fdct_8x8.c","perimeter.c",128,66,147,0.632812500000000
"fdct_8x8.c","pix_expand.c",128,45,131,0.671875000000000
"fdct_8x8.c","pix_sat.c",128,48,134,0.671875000000000
"fdct_8x8.c","quantize.c",128,64,143,0.617187500000000
"fdct_8x8.c","sad_16x16.c",128,53,137,0.656250000000000
"fdct_8x8.c","sad_8x8.c",128,53,137,0.656250000000000
"fdct_8x8.c","sobel.c",128,65,144,0.617187500000000
"fdct_8x8.c","thr_gt2max.c",128,48,132,0.656250000000000
"fdct_8x8.c","thr_gt2thr.c",128,48,132,0.656250000000000
"fdct_8x8.c","thr_le2min.c",128,48,132,0.656250000000000
"fdct_8x8.c","thr_le2thr.c",128,48,132,0.656250000000000
"fdct_8x8.c","wave_horz.c",128,63,142,0.617187500000000
"fdct_8x8.c","wave_vert.c",128,63,139,0.593750000000000
"fdct_8x8.c","yc_demux_0.c",128,52,134,0.640625000000000
"fdct_8x8.c","yc_demux_1.c",128,52,134,0.640625000000000
"fdct_8x8.c","ycbcr422p_.c",128,83,164,0.632812500000000
"histogram.c","idct_8x8_0.c",69,104,128,0.567307692307692
"histogram.c","mad_16x16.c",69,67,87,0.289855072463768
"histogram.c","mad_8x8.c",69,67,87,0.289855072463768
"histogram.c","median_3x3.c",69,71,97,0.394366197183099
"histogram.c","mpeg2_vld0.c",69,165,191,0.739393939393939
"histogram.c","mpeg2_vld1.c",69,187,214,0.775401069518717
"histogram.c","perimeter.c",69,66,87,0.304347826086957
"histogram.c","pix_expand.c",69,45,70,0.362318840579710
"histogram.c","pix_sat.c",69,48,73,0.362318840579710
"histogram.c","quantize.c",69,64,85,0.304347826086957
"histogram.c","sad_16x16.c",69,53,79,0.376811594202899
"histogram.c","sad_8x8.c",69,53,79,0.376811594202899
"histogram.c","sobel.c",69,65,85,0.289855072463768
"histogram.c","thr_gt2max.c",69,48,72,0.347826086956522
"histogram.c","thr_gt2thr.c",69,48,72,0.347826086956522
"histogram.c","thr_le2min.c",69,48,76,0.405797101449275
"histogram.c","thr_le2thr.c",69,48,72,0.347826086956522
"histogram.c","wave_horz.c",69,63,80,0.246376811594203
"histogram.c","wave_vert.c",69,63,79,0.231884057971014
"histogram.c","yc_demux_0.c",69,52,74,0.318840579710145
"histogram.c","yc_demux_1.c",69,52,74,0.318840579710145
"histogram.c","ycbcr422p_.c",69,83,106,0.445783132530120
"idct_8x8_0.c","mad_16x16.c",104,67,123,0.538461538461538
"idct_8x8_0.c","mad_8x8.c",104,67,123,0.538461538461538
"idct_8x8_0.c","median_3x3.c",104,71,129,0.557692307692308
"idct_8x8_0.c","mpeg2_vld0.c",104,165,224,0.727272727272727
"idct_8x8_0.c","mpeg2_vld1.c",104,187,246,0.759358288770054
"idct_8x8_0.c","perimeter.c",104,66,122,0.538461538461538
"idct_8x8_0.c","pix_expand.c",104,45,107,0.596153846153846
"idct_8x8_0.c","pix_sat.c",104,48,111,0.605769230769231
"idct_8x8_0.c","quantize.c",104,64,124,0.576923076923077
"idct_8x8_0.c","sad_16x16.c",104,53,115,0.596153846153846
"idct_8x8_0.c","sad_8x8.c",104,53,115,0.596153846153846
"idct_8x8_0.c","sobel.c",104,65,123,0.557692307692308
"idct_8x8_0.c","thr_gt2max.c",104,48,108,0.576923076923077
"idct_8x8_0.c","thr_gt2thr.c",104,48,108,0.576923076923077
"idct_8x8_0.c","thr_le2min.c",104,48,109,0.586538461538462
"idct_8x8_0.c","thr_le2thr.c",104,48,108,0.576923076923077
"idct_8x8_0.c","wave_horz.c",104,63,119,0.538461538461538
"idct_8x8_0.c","wave_vert.c",104,63,117,0.519230769230769
"idct_8x8_0.c","yc_demux_0.c",104,52,111,0.567307692307692
"idct_8x8_0.c","yc_demux_1.c",104,52,111,0.567307692307692
"idct_8x8_0.c","ycbcr422p_.c",104,83,145,0.596153846153846
"mad_16x16.c","mad_8x8.c",67,67,74,0.104477611940299
"mad_16x16.c","median_3x3.c",67,71,91,0.338028169014085
"mad_16x16.c","mpeg2_vld0.c",67,165,189,0.739393939393939
"mad_16x16.c","mpeg2_vld1.c",67,187,205,0.737967914438503
"mad_16x16.c","perimeter.c",67,66,88,0.328358208955224
"mad_16x16.c","pix_expand.c",67,45,69,0.358208955223881
"mad_16x16.c","pix_sat.c",67,48,73,0.373134328358209
"mad_16x16.c","quantize.c",67,64,85,0.313432835820896
"mad_16x16.c","sad_16x16.c",67,53,73,0.298507462686567
"mad_16x16.c","sad_8x8.c",67,53,73,0.298507462686567
"mad_16x16.c","sobel.c",67,65,85,0.298507462686567
"mad_16x16.c","thr_gt2max.c",67,48,71,0.343283582089552
"mad_16x16.c","thr_gt2thr.c",67,48,72,0.358208955223881
"mad_16x16.c","thr_le2min.c",67,48,73,0.373134328358209
"mad_16x16.c","thr_le2thr.c",67,48,72,0.358208955223881
"mad_16x16.c","wave_horz.c",67,63,78,0.223880597014925
"mad_16x16.c","wave_vert.c",67,63,77,0.208955223880597
"mad_16x16.c","yc_demux_0.c",67,52,72,0.298507462686567
"mad_16x16.c","yc_demux_1.c",67,52,72,0.298507462686567
"mad_16x16.c","ycbcr422p_.c",67,83,104,0.445783132530120
"mad_8x8.c","median_3x3.c",67,71,91,0.338028169014085
"mad_8x8.c","mpeg2_vld0.c",67,165,189,0.739393939393939
"mad_8x8.c","mpeg2_vld1.c",67,187,205,0.737967914438503
"mad_8x8.c","perimeter.c",67,66,88,0.328358208955224
"mad_8x8.c","pix_expand.c",67,45,69,0.358208955223881
"mad_8x8.c","pix_sat.c",67,48,73,0.373134328358209
"mad_8x8.c","quantize.c",67,64,85,0.313432835820896
"mad_8x8.c","sad_16x16.c",67,53,73,0.298507462686567
"mad_8x8.c","sad_8x8.c",67,53,73,0.298507462686567
"mad_8x8.c","sobel.c",67,65,85,0.298507462686567
"mad_8x8.c","thr_gt2max.c",67,48,71,0.343283582089552
"mad_8x8.c","thr_gt2thr.c",67,48,72,0.358208955223881
"mad_8x8.c","thr_le2min.c",67,48,73,0.373134328358209
"mad_8x8.c","thr_le2thr.c",67,48,72,0.358208955223881
"mad_8x8.c","wave_horz.c",67,63,78,0.223880597014925
"mad_8x8.c","wave_vert.c",67,63,77,0.208955223880597
"mad_8x8.c","yc_demux_0.c",67,52,72,0.298507462686567
"mad_8x8.c","yc_demux_1.c",67,52,72,0.298507462686567
"mad_8x8.c","ycbcr422p_.c",67,83,104,0.445783132530120
"median_3x3.c","mpeg2_vld0.c",71,165,200,0.781818181818182
"median_3x3.c","mpeg2_vld1.c",71,187,214,0.764705882352941
"median_3x3.c","perimeter.c",71,66,91,0.352112676056338
"median_3x3.c","pix_expand.c",71,45,75,0.422535211267606
"median_3x3.c","pix_sat.c",71,48,78,0.422535211267606
"median_3x3.c","quantize.c",71,64,87,0.323943661971831
"median_3x3.c","sad_16x16.c",71,53,86,0.464788732394366
"median_3x3.c","sad_8x8.c",71,53,86,0.464788732394366
"median_3x3.c","sobel.c",71,65,92,0.380281690140845
"median_3x3.c","thr_gt2max.c",71,48,74,0.366197183098592
"median_3x3.c","thr_gt2thr.c",71,48,74,0.366197183098592
"median_3x3.c","thr_le2min.c",71,48,76,0.394366197183099
"median_3x3.c","thr_le2thr.c",71,48,74,0.366197183098592
"median_3x3.c","wave_horz.c",71,63,88,0.352112676056338
"median_3x3.c","wave_vert.c",71,63,88,0.352112676056338
"median_3x3.c","yc_demux_0.c",71,52,81,0.408450704225352
"median_3x3.c","yc_demux_1.c",71,52,81,0.408450704225352
"median_3x3.c","ycbcr422p_.c",71,83,110,0.469879518072289
"mpeg2_vld0.c","mpeg2_vld1.c",165,187,247,0.438502673796791
"mpeg2_vld0.c","perimeter.c",165,66,184,0.715151515151515
"mpeg2_vld0.c","pix_expand.c",165,45,171,0.763636363636364
"mpeg2_vld0.c","pix_sat.c",165,48,174,0.763636363636364
"mpeg2_vld0.c","quantize.c",165,64,187,0.745454545454545
"mpeg2_vld0.c","sad_16x16.c",165,53,176,0.745454545454545
"mpeg2_vld0.c","sad_8x8.c",165,53,176,0.745454545454545
"mpeg2_vld0.c","sobel.c",165,65,186,0.733333333333333
"mpeg2_vld0.c","thr_gt2max.c",165,48,172,0.751515151515151
"mpeg2_vld0.c","thr_gt2thr.c",165,48,172,0.751515151515151
"mpeg2_vld0.c","thr_le2min.c",165,48,171,0.745454545454545
"mpeg2_vld0.c","thr_le2thr.c",165,48,172,0.751515151515151
"mpeg2_vld0.c","wave_horz.c",165,63,183,0.727272727272727
"mpeg2_vld0.c","wave_vert.c",165,63,180,0.709090909090909
"mpeg2_vld0.c","yc_demux_0.c",165,52,172,0.727272727272727
"mpeg2_vld0.c","yc_demux_1.c",165,52,172,0.727272727272727
"mpeg2_vld0.c","ycbcr422p_.c",165,83,204,0.733333333333333
"mpeg2_vld1.c","perimeter.c",187,66,203,0.732620320855615
"mpeg2_vld1.c","pix_expand.c",187,45,191,0.780748663101604
"mpeg2_vld1.c","pix_sat.c",187,48,193,0.775401069518717
"mpeg2_vld1.c","quantize.c",187,64,202,0.737967914438503
"mpeg2_vld1.c","sad_16x16.c",187,53,194,0.754010695187166
"mpeg2_vld1.c","sad_8x8.c",187,53,194,0.754010695187166
"mpeg2_vld1.c","sobel.c",187,65,208,0.764705882352941
"mpeg2_vld1.c","thr_gt2max.c",187,48,193,0.775401069518717
"mpeg2_vld1.c","thr_gt2thr.c",187,48,193,0.775401069518717
"mpeg2_vld1.c","thr_le2min.c",187,48,192,0.770053475935829
"mpeg2_vld1.c","thr_le2thr.c",187,48,193,0.775401069518717
"mpeg2_vld1.c","wave_horz.c",187,63,205,0.759358288770054
"mpeg2_vld1.c","wave_vert.c",187,63,202,0.743315508021390
"mpeg2_vld1.c","yc_demux_0.c",187,52,193,0.754010695187166
"mpeg2_vld1.c","yc_demux_1.c",187,52,193,0.754010695187166
"mpeg2_vld1.c","ycbcr422p_.c",187,83,223,0.748663101604278
"perimeter.c","pix_expand.c",66,45,69,0.363636363636364
"perimeter.c","pix_sat.c",66,48,72,0.363636363636364
"perimeter.c","quantize.c",66,64,82,0.272727272727273
"perimeter.c","sad_16x16.c",66,53,74,0.318181818181818
"perimeter.c","sad_8x8.c",66,53,74,0.318181818181818
"perimeter.c","sobel.c",66,65,83,0.272727272727273
"perimeter.c","thr_gt2max.c",66,48,70,0.333333333333333
"perimeter.c","thr_gt2thr.c",66,48,70,0.333333333333333
"perimeter.c","thr_le2min.c",66,48,71,0.348484848484849
"perimeter.c","thr_le2thr.c",66,48,70,0.333333333333333
"perimeter.c","wave_horz.c",66,63,81,0.272727272727273
"perimeter.c","wave_vert.c",66,63,78,0.227272727272727
"perimeter.c","yc_demux_0.c",66,52,72,0.303030303030303
"perimeter.c","yc_demux_1.c",66,52,72,0.303030303030303
"perimeter.c","ycbcr422p_.c",66,83,104,0.457831325301205
"pix_expand.c","pix_sat.c",45,48,50,0.104166666666667
"pix_expand.c","quantize.c",45,64,64,0.296875000000000
"pix_expand.c","sad_16x16.c",45,53,59,0.264150943396226
"pix_expand.c","sad_8x8.c",45,53,59,0.264150943396226
"pix_expand.c","sobel.c",45,65,68,0.353846153846154
"pix_expand.c","thr_gt2max.c",45,48,50,0.104166666666667
"pix_expand.c","thr_gt2thr.c",45,48,50,0.104166666666667
"pix_expand.c","thr_le2min.c",45,48,52,0.145833333333333
"pix_expand.c","thr_le2thr.c",45,48,50,0.104166666666667
"pix_expand.c","wave_horz.c",45,63,64,0.301587301587302
"pix_expand.c","wave_vert.c",45,63,63,0.285714285714286
"pix_expand.c","yc_demux_0.c",45,52,55,0.192307692307692
"pix_expand.c","yc_demux_1.c",45,52,55,0.192307692307692
"pix_expand.c","ycbcr422p_.c",45,83,86,0.493975903614458
"pix_sat.c","quantize.c",48,64,69,0.328125000000000
"pix_sat.c","sad_16x16.c",48,53,65,0.320754716981132
"pix_sat.c","sad_8x8.c",48,53,65,0.320754716981132
"pix_sat.c","sobel.c",48,65,70,0.338461538461538
"pix_sat.c","thr_gt2max.c",48,48,55,0.145833333333333
"pix_sat.c","thr_gt2thr.c",48,48,55,0.145833333333333
"pix_sat.c","thr_le2min.c",48,48,55,0.145833333333333
"pix_sat.c","thr_le2thr.c",48,48,55,0.145833333333333
"pix_sat.c","wave_horz.c",48,63,67,0.301587301587302
"pix_sat.c","wave_vert.c",48,63,66,0.285714285714286
"pix_sat.c","yc_demux_0.c",48,52,59,0.211538461538462
"pix_sat.c","yc_demux_1.c",48,52,59,0.211538461538462
"pix_sat.c","ycbcr422p_.c",48,83,89,0.493975903614458
"quantize.c","sad_16x16.c",64,53,74,0.328125000000000
"quantize.c","sad_8x8.c",64,53,74,0.328125000000000
"quantize.c","sobel.c",64,65,80,0.246153846153846
"quantize.c","thr_gt2max.c",64,48,67,0.296875000000000
"quantize.c","thr_gt2thr.c",64,48,67,0.296875000000000
"quantize.c","thr_le2min.c",64,48,68,0.312500000000000
"quantize.c","thr_le2thr.c",64,48,67,0.296875000000000
"quantize.c","wave_horz.c",64,63,79,0.250000000000000
"quantize.c","wave_vert.c",64,63,76,0.203125000000000
"quantize.c","yc_demux_0.c",64,52,70,0.281250000000000
"quantize.c","yc_demux_1.c",64,52,70,0.281250000000000
"quantize.c","ycbcr422p_.c",64,83,101,0.445783132530120
"sad_16x16.c","sad_8x8.c",53,53,61,0.150943396226415
"sad_16x16.c","sobel.c",53,65,75,0.338461538461538
"sad_16x16.c","thr_gt2max.c",53,48,63,0.283018867924528
"sad_16x16.c","thr_gt2thr.c",53,48,63,0.283018867924528
"sad_16x16.c","thr_le2min.c",53,48,63,0.283018867924528
"sad_16x16.c","thr_le2thr.c",53,48,63,0.283018867924528
"sad_16x16.c","wave_horz.c",53,63,70,0.269841269841270
"sad_16x16.c","wave_vert.c",53,63,66,0.206349206349206
"sad_16x16.c","yc_demux_0.c",53,52,60,0.150943396226415
"sad_16x16.c","yc_demux_1.c",53,52,60,0.150943396226415
"sad_16x16.c","ycbcr422p_.c",53,83,94,0.493975903614458
"sad_8x8.c","sobel.c",53,65,75,0.338461538461538
"sad_8x8.c","thr_gt2max.c",53,48,63,0.283018867924528
"sad_8x8.c","thr_gt2thr.c",53,48,63,0.283018867924528
"sad_8x8.c","thr_le2min.c",53,48,63,0.283018867924528
"sad_8x8.c","thr_le2thr.c",53,48,63,0.283018867924528
"sad_8x8.c","wave_horz.c",53,63,70,0.269841269841270
"sad_8x8.c","wave_vert.c",53,63,66,0.206349206349206
"sad_8x8.c","yc_demux_0.c",53,52,60,0.150943396226415
"sad_8x8.c","yc_demux_1.c",53,52,60,0.150943396226415
"sad_8x8.c","ycbcr422p_.c",53,83,94,0.493975903614458
"sobel.c","thr_gt2max.c",65,48,69,0.323076923076923
"sobel.c","thr_gt2thr.c",65,48,70,0.338461538461538
"sobel.c","thr_le2min.c",65,48,71,0.353846153846154
"sobel.c","thr_le2thr.c",65,48,70,0.338461538461538
"sobel.c","wave_horz.c",65,63,80,0.261538461538462
"sobel.c","wave_vert.c",65,63,80,0.261538461538462
"sobel.c","yc_demux_0.c",65,52,72,0.307692307692308
"sobel.c","yc_demux_1.c",65,52,72,0.307692307692308
"sobel.c","ycbcr422p_.c",65,83,100,0.421686746987952
"thr_gt2max.c","thr_gt2thr.c",48,48,56,0.166666666666667
"thr_gt2max.c","thr_le2min.c",48,48,58,0.208333333333333
"thr_gt2max.c","thr_le2thr.c",48,48,56,0.166666666666667
"thr_gt2max.c","wave_horz.c",48,63,68,0.317460317460317
"thr_gt2max.c","wave_vert.c",48,63,67,0.301587301587302
"thr_gt2max.c","yc_demux_0.c",48,52,57,0.173076923076923
"thr_gt2max.c","yc_demux_1.c",48,52,57,0.173076923076923
"thr_gt2max.c","ycbcr422p_.c",48,83,89,0.493975903614458
"thr_gt2thr.c","thr_le2min.c",48,48,58,0.208333333333333
"thr_gt2thr.c","thr_le2thr.c",48,48,56,0.166666666666667
"thr_gt2thr.c","wave_horz.c",48,63,68,0.317460317460317
"thr_gt2thr.c","wave_vert.c",48,63,66,0.285714285714286
"thr_gt2thr.c","yc_demux_0.c",48,52,57,0.173076923076923
"thr_gt2thr.c","yc_demux_1.c",48,52,57,0.173076923076923
"thr_gt2thr.c","ycbcr422p_.c",48,83,89,0.493975903614458
"thr_le2min.c","thr_le2thr.c",48,48,53,0.104166666666667
"thr_le2min.c","wave_horz.c",48,63,68,0.317460317460317
"thr_le2min.c","wave_vert.c",48,63,66,0.285714285714286
"thr_le2min.c","yc_demux_0.c",48,52,59,0.211538461538462
"thr_le2min.c","yc_demux_1.c",48,52,59,0.211538461538462
"thr_le2min.c","ycbcr422p_.c",48,83,88,0.481927710843373
"thr_le2thr.c","wave_horz.c",48,63,68,0.317460317460317
"thr_le2thr.c","wave_vert.c",48,63,66,0.285714285714286
"thr_le2thr.c","yc_demux_0.c",48,52,57,0.173076923076923
"thr_le2thr.c","yc_demux_1.c",48,52,57,0.173076923076923
"thr_le2thr.c","ycbcr422p_.c",48,83,89,0.493975903614458
"wave_horz.c","wave_vert.c",63,63,71,0.126984126984127
"wave_horz.c","yc_demux_0.c",63,52,67,0.238095238095238
"wave_horz.c","yc_demux_1.c",63,52,67,0.238095238095238
"wave_horz.c","ycbcr422p_.c",63,83,101,0.457831325301205
"wave_vert.c","yc_demux_0.c",63,52,65,0.206349206349206
"wave_vert.c","yc_demux_1.c",63,52,65,0.206349206349206
"wave_vert.c","ycbcr422p_.c",63,83,97,0.409638554216867
"yc_demux_0.c","yc_demux_1.c",52,52,55,0.057692307692308
"yc_demux_0.c","ycbcr422p_.c",52,83,90,0.457831325301205
"yc_demux_1.c","ycbcr422p_.c",52,83,90,0.457831325301205
